﻿id;TIPO_DE_USO;NMRO_ESTRUCTURA_USO_CRUE
1;ADMINISTRATIVO;8
2;ALMACÉN;13
3;ARCHIVO;9
4;ARCHIVO BIBLIOTECA;9
5;ARCHIVO SECRETARÍA Y ADMINISTRACIÓN;8
6;AULA;1
7;BAÑOS HOMBRES;13
8;BAÑOS MIXTOS;13
9;BAÑOS MUJERES;13
10;BIBLIOTECA - HEMEROTECA;9
11;CAFETERÍA;13
12;COCINA;13
13;COLEGIOS MAYORES Y RESIDENCIAS;14
14;CONSERJERÍA;8
15;DELEGACIÓN DE ALUMNOS;12
16;DESPACHO ADMINISTRACIÓN;8
17;DESPACHO P.D.I.;7
18;DIRECCIÓN;8
19;ESCALERA;13
20;ESCALERA DE INCENDIOS;13
21;GIMNASIO;11
22;HUECO DE ASCENSOR;13
23;HUECO DE MONTACARGAS;13
24;INDETERMINADO;13
25;INSTALACIONES CULTURALES;12
26;LABORATORIO DE INVESTIGACIÓN;6
27;LIMPIEZA;13
28;OTROS ESPACIOS - DOCENCIA;4
29;OTROS ESPACIOS - INVESTIGACIÓN;6
30;OTROS SERVICIOS;13
31;PASILLO;13
32;PISCINA;11
33;REPROGRAFÍA;13
34;SALA DE BOMBAS DE IMPULSIÓN;13
35;SALA DE CALDERAS;13
36;SALA DE CLIMATIZACIÓN;13
37;SALA DE CUADROS ELÉCTRICOS;13
38;SALA DE LECTURA;9
39;SALA DE MÁQUINAS;13
40;SALA DE PRÁCTICAS - AULA;1
41;SALA DE PRÁCTICAS - LABORATORIO DE DOCENCIA;2
42;SALA DE PROFESORES;7
43;SALA DE REUNIONES DIRECCIÓN;8
44;SALA INFORMÁTICA - DOCENCIA;3
45;SALA INFORMÁTICA - NO DOCENCIA;10
46;SALÓN DE ACTOS;12
47;SECRETARÍA;8
48;SEMINARIO P.D.I.;7
49;TRANSFORMADORES;13
50;VESTUARIOS FEMENINOS;13
51;VESTUARIOS MASCULINOS;13
52;SALA REUNIONES;8
53;DESPACHO;7
54;SALA DE PRÁCTICAS;1
55;LABORATORIO;2
56;SALA DE REUNIONES DE ADMINISTRACIÓN;8
57;SALON DE ACTOS;12
58;TERRAZA;4
59;SALA POLIVALENTE;12
60;CAFETERÍA-CÁMARA FRIGORÍOFICA;13
61;LAB.-CÁMARA FRIGORÍFICA;13
62;SALA CAFÉ/OFFICE;13
63;SALA DE TELECOMUNICACIONES;13
64;HABITACIÓN (CMU/RESIDENCIA);14
65;BAÑO HABITACIÓN;14